pp#pp
wandoujia#wandoujia
baidu#baidu
xiaomi#xiaomi
sanliuling#sanliuling
yingyongbao#yingyongbao
anzhi#anzhi
huawei#huawei
lianxiang#lianxiang
meizu#meizu
oppo#oppo
vivo#vivo
kupai#kupai
tianyi#tianyi
shougou#shougou
yingyongbei#yingyongbei
yingyonghui#yingyonghui
yidong#yidong
liantong#liantong
jifeng#jifeng
fuwuqi#fuwuqi